﻿<?xml version="1.0" encoding="utf-8"?>
<SawtoothClipboardData>
  <sourceStudy>C:\Users\ZACH.SAWTOOTHLAN\Desktop\Question Library\Questions\MagnificPopup\2017_04_28\Shopping01.ssi</sourceStudy>
  <questions>
    <freeFormatQuestion version="1">
      <name>Shopping01</name>
      <header1Text>
        <formattedText version="1">
          <color></color>
          <size></size>
          <bold>DEFAULT</bold>
          <italic>DEFAULT</italic>
          <underline>DEFAULT</underline>
          <align>DEFAULT</align>
          <text></text>
        </formattedText>
      </header1Text>
      <header2Text>
        <formattedText version="1">
          <color></color>
          <size></size>
          <bold>DEFAULT</bold>
          <italic>DEFAULT</italic>
          <underline>DEFAULT</underline>
          <align>DEFAULT</align>
          <text></text>
        </formattedText>
      </header2Text>
      <footerText>
        <formattedText version="1">
          <color></color>
          <size></size>
          <bold>DEFAULT</bold>
          <italic>DEFAULT</italic>
          <underline>DEFAULT</underline>
          <align>DEFAULT</align>
          <text></text>
        </formattedText>
      </footerText>
      <skips version="1" />
      <printSettings version="1">
        <checked>true</checked>
        <expanded>false</expanded>
      </printSettings>
      <htmlHead></htmlHead>
      <callJavaScript>false</callJavaScript>
      <javaScriptCallOrder>AFTER</javaScriptCallOrder>
      <javaScript></javaScript>
      <userHtml>&lt;script src="[% GraphicsPath() %]js/loadHtml.js"&gt;&lt;/script&gt;</userHtml>
      <freeFormatVariables version="1">
        <ffVarHidden version="1">
          <name>Calendar_Year</name>
          <datatype>4</datatype>
        </ffVarHidden>
      </freeFormatVariables>
  </freeFormatQuestion>
  </questions>
  <lists version="1" />
</SawtoothClipboardData>