﻿<?xml version="1.0" encoding="utf-8"?>
<SawtoothClipboardData>
  <sourceStudy>C:\Users\ZACH.SAWTOOTHLAN\Desktop\Question Library\Questions\SP01\SP01.ssi</sourceStudy>
  <questions>
    <freeFormatQuestion version="1">
      <name>SP01</name>
      <header1Text>
        <formattedText version="1">
          <color></color>
          <size></size>
          <bold>DEFAULT</bold>
          <italic>DEFAULT</italic>
          <underline>DEFAULT</underline>
          <align>DEFAULT</align>
          <text>&lt;script&gt;
  var PRODUCTS = {
      name: "SKII New Product",
      title: "SK-II releases 3 new products",
      content:
        "&lt;p&gt;My skin dullness is more obvious in the next morning when I had a lack of sleep, under stress or drank too much last night…&lt;/p&gt;&lt;p&gt;Strengthen the original skin power to make it resistant against lack of sleep or stress, and make vibrant skin.&lt;/p&gt;",
      list: [
        {
          id: "1",
          name: "Bestsellers",
          title: "SKIN RESET ESSENCE",
          subTitle: "Crystal clear skin after one bottle.",
          price: "100",
          size: "Pre-Serum 15,000円 30mL",
          imgUrl: "[% GraphicsPath() %]/img/skin_reset essence.png",
          content:
            "&lt;p&gt;SK-II newly propose an advanced skincare product “Jewel-Drop”.&lt;/p&gt;&lt;p&gt;My skin sometimes has dullness even if I use a lot of products. I didn’t have such condition before… It is because lack of sleep and/or irregular hours weaken your skin-power.&lt;/p&gt;&lt;p&gt;This is a drop-type skin care product; condensed ingredients in 2 chambers make a drop on hand and shines like a jewel. They are activated by mixing on your palm. It wakes up your natural radiance, and starts brightening within.&lt;/p&gt;&lt;p&gt;The beautiful bare-skin can simplify your skin care &amp; make-up steps.&lt;/p&gt;&lt;p&gt;* This new form skin care product allows flexible usages; you can have this product only after Clear Lotion, and/or mix it with other product.&lt;/p&gt;"
        },
        {
          id: "2",
          name: "FTE",
          title: "Facial Treatment Essence",
          subTitle: "Crystal clear skin after one bottle.",
          price: "120",
          size: "Essence (Clear Lotion) 17,000円 160mL",
          imgUrl: "[% GraphicsPath() %]/img/FTE.png",
          content:
            "&lt;p&gt;SK-II newly propose an advanced skincare product “Jewel-Drop”.&lt;/p&gt;&lt;p&gt;My skin sometimes has dullness even if I use a lot of products. I didn’t have such condition before… It is because lack of sleep and/or irregular hours weaken your skin-power.&lt;/p&gt;&lt;p&gt;This is a drop-type skin care product; condensed ingredients in 2 chambers make a drop on hand and shines like a jewel. They are activated by mixing on your palm. It wakes up your natural radiance, and starts brightening within.&lt;/p&gt;&lt;p&gt;The beautiful bare-skin can simplify your skin care &amp; make-up steps.&lt;/p&gt;&lt;p&gt;* This new form skin care product allows flexible usages; you can have this product only after Clear Lotion, and/or mix it with other product.&lt;/p&gt;"
        },
        {
          id: "3",
          name: "GAE",
          title: "Genoptics Aura Essence",
          subTitle: "Crystal clear skin after one bottle.",
          price: "110",
          size: "Whitening Essence 16,000円 30mL",
          imgUrl: "[% GraphicsPath() %]/img/GAE.png",
          content:
            "&lt;p&gt;SK-II newly propose an advanced skincare product “Jewel-Drop”.&lt;/p&gt;&lt;p&gt;My skin sometimes has dullness even if I use a lot of products. I didn’t have such condition before… It is because lack of sleep and/or irregular hours weaken your skin-power.&lt;/p&gt;&lt;p&gt;This is a drop-type skin care product; condensed ingredients in 2 chambers make a drop on hand and shines like a jewel. They are activated by mixing on your palm. It wakes up your natural radiance, and starts brightening within.&lt;/p&gt;&lt;p&gt;The beautiful bare-skin can simplify your skin care &amp; make-up steps.&lt;/p&gt;&lt;p&gt;* This new form skin care product allows flexible usages; you can have this product only after Clear Lotion, and/or mix it with other product.&lt;/p&gt;"
        },
        {
          id: "4",
          name: "AA_BE",
          title: "R.N.A. Power Radical New Age Essence",
          subTitle: "Crystal clear skin after one bottle.",
          price: "40",
          size: "Pre-Serum 15,000円 30mL",
          imgUrl: "[% GraphicsPath() %]/img/RNA_power_BE.png",
          content:
            "&lt;p&gt;SK-II newly propose an advanced skincare product “Jewel-Drop”.&lt;/p&gt;&lt;p&gt;My skin sometimes has dullness even if I use a lot of products. I didn’t have such condition before… It is because lack of sleep and/or irregular hours weaken your skin-power.&lt;/p&gt;&lt;p&gt;This is a drop-type skin care product; condensed ingredients in 2 chambers make a drop on hand and shines like a jewel. They are activated by mixing on your palm. It wakes up your natural radiance, and starts brightening within.&lt;/p&gt;&lt;p&gt;The beautiful bare-skin can simplify your skin care &amp; make-up steps.&lt;/p&gt;&lt;p&gt;* This new form skin care product allows flexible usages; you can have this product only after Clear Lotion, and/or mix it with other product.&lt;/p&gt;"
        },
        {
          id: "5",
          name: "cream",
          title: "R.N.A. Power Radical New Age Airy Milky Lotion",
          subTitle: "Crystal clear skin after one bottle.",
          price: "100",
          size: "Beauty Milky Lotion 11,500円 50g",
          imgUrl: "[% GraphicsPath() %]/img/Airly_ML.png",
          content:
            "&lt;p&gt;SK-II newly propose an advanced skincare product “Jewel-Drop”.&lt;/p&gt;&lt;p&gt;My skin sometimes has dullness even if I use a lot of products. I didn’t have such condition before… It is because lack of sleep and/or irregular hours weaken your skin-power.&lt;/p&gt;&lt;p&gt;This is a drop-type skin care product; condensed ingredients in 2 chambers make a drop on hand and shines like a jewel. They are activated by mixing on your palm. It wakes up your natural radiance, and starts brightening within.&lt;/p&gt;&lt;p&gt;The beautiful bare-skin can simplify your skin care &amp; make-up steps.&lt;/p&gt;&lt;p&gt;* This new form skin care product allows flexible usages; you can have this product only after Clear Lotion, and/or mix it with other product.&lt;/p&gt;"
        }
      ]
    }
&lt;/script&gt;</text>
        </formattedText>
      </header1Text>
      <skips version="1" />
      <printSettings version="1">
        <checked>true</checked>
        <expanded>false</expanded>
      </printSettings>
      <htmlHead>
        &lt;link data-af="1" href="[% GraphicsPath() %]/vendor/bootstrap/css/bootstrap.min.css" rel="stylesheet"&gt;
        &lt;link data-af="1" href="[% GraphicsPath() %]/vendor/font-awesome/css/font-awesome.min.css" rel="stylesheet"&gt;
        &lt;link data-af="1" href="[% GraphicsPath() %]/css/app.css" rel="stylesheet"&gt;
      </htmlHead>
      <callJavaScript>false</callJavaScript>
      <javaScriptCallOrder>AFTER</javaScriptCallOrder>
      <javaScript></javaScript>
      <userHtml>&lt;script src="[% GraphicsPath() %]js/loadHtml.js"&gt;&lt;/script&gt;</userHtml>
      <freeFormatVariables version="1">
        <ffVarHidden version="1">
          <name>[% QuestionName() %]_item1Click</name>
          <datatype>3</datatype>
        </ffVarHidden>
        <ffVarHidden version="1">
          <name>[% QuestionName() %]_item2Click</name>
          <datatype>3</datatype>
        </ffVarHidden>
        <ffVarHidden version="1">
          <name>[% QuestionName() %]_item3Click</name>
          <datatype>3</datatype>
        </ffVarHidden>
        <ffVarHidden version="1">
          <name>[% QuestionName() %]_item4Click</name>
          <datatype>3</datatype>
        </ffVarHidden>
        <ffVarHidden version="1">
          <name>[% QuestionName() %]_item5Click</name>
          <datatype>3</datatype>
        </ffVarHidden>
        <ffVarHidden version="1">
          <name>[% QuestionName() %]_item1Added</name>
          <datatype>3</datatype>
        </ffVarHidden>
        <ffVarHidden version="1">
          <name>[% QuestionName() %]_item2Added</name>
          <datatype>3</datatype>
        </ffVarHidden>
        <ffVarHidden version="1">
          <name>[% QuestionName() %]_item3Added</name>
          <datatype>3</datatype>
        </ffVarHidden>
        <ffVarHidden version="1">
          <name>[% QuestionName() %]_item4Added</name>
          <datatype>3</datatype>
        </ffVarHidden>
        <ffVarHidden version="1">
          <name>[% QuestionName() %]_item5Added</name>
          <datatype>3</datatype>
        </ffVarHidden>
          <ffVarHidden version="1">
          <name>[% QuestionName() %]_item1Buy</name>
          <datatype>3</datatype>
        </ffVarHidden>
        <ffVarHidden version="1">
          <name>[% QuestionName() %]_item2Buy</name>
          <datatype>3</datatype>
        </ffVarHidden>
        <ffVarHidden version="1">
          <name>[% QuestionName() %]_item3Buy</name>
          <datatype>3</datatype>
        </ffVarHidden>
        <ffVarHidden version="1">
          <name>[% QuestionName() %]_item4Buy</name>
          <datatype>3</datatype>
        </ffVarHidden>
        <ffVarHidden version="1">
          <name>[% QuestionName() %]_item5Buy</name>
          <datatype>3</datatype>
        </ffVarHidden>
      </freeFormatVariables>
  </freeFormatQuestion>
  </questions>
  <lists version="1" />
</SawtoothClipboardData>